{
  "train_losses": [
    0.06916776695038875,
    0.03390140761704578,
    0.030405411954091622,
    0.028161469777007613,
    0.02729659078630353,
    0.026304336819620723,
    0.02548980231810405,
    0.024905204696806342,
    0.024159665402228667,
    0.02419692574580013,
    0.02354969397876326,
    0.0234090966854471,
    0.019837524037090534,
    0.019752141963890395,
    0.019481150716577463,
    0.0192435276378127
  ],
  "val_losses": [
    0.09469444143735332,
    0.08208316860245272,
    0.06246667837632107,
    0.07494384749436084,
    0.07664792716441822,
    0.05838471585731386,
    0.06888502498958336,
    0.07854817918053379,
    0.07616738240529665,
    0.06774124427633399,
    0.05872356296812065,
    0.07954024869389066,
    0.062139202974767355,
    0.07418669891685492,
    0.0671640579021486,
    0.06167483937815445
  ],
  "best_val_loss": 0.05838471585731386,
  "best_epoch": 6
}